{
  "uci_har": [4.102848052978516, 4.085731744766235, 4.0977699756622314],
  "wisdm_12": [8.15487289428711, 8.562734127044678, 8.505454063415527],
  "pamap2": [17.308842182159424, 17.209208011627197, 17.359152793884277],
  "motion_sense": [7.726274013519287, 8.357560157775879, 8.446570634841919],
  "opportunity": [55.04391384124756, 55.45086908340454, 55.617351770401],
  "mhealth": [6.7500598430633545, 7.243659973144531, 7.265635013580322],
  "dsads": [6.824819087982178, 6.860260725021362, 6.896744966506958],
  "ku_har": [18.47324514389038, 19.901687145233154, 20.402709007263184],
  "daphnet": [22.418333053588867, 23.082486867904663, 23.120368003845215],
  "har_sense": [0.42905211448669434, 0.5367031097412109, 0.4306061267852783]
}
