{
  "uci_har": [1.4622361660003662, 1.389747142791748, 1.3781781196594238],
  "wisdm_12": [2.054119110107422, 2.11421799659729, 2.0542259216308594],
  "pamap2": [4.5718841552734375, 4.542903900146484, 4.697137355804443],
  "motion_sense": [2.3471832275390625, 2.2261722087860107, 2.247187852859497],
  "opportunity": [16.66012215614319, 15.793813943862915, 16.310944080352783],
  "mhealth": [2.172447919845581, 2.1862478256225586, 2.254089117050171],
  "dsads": [2.4137909412384033, 2.361762762069702, 2.3417088985443115],
  "ku_har": [4.579306125640869, 4.464423179626465, 4.584033727645874],
  "daphnet": [5.0364670753479, 4.648716926574707, 5.249361991882324],
  "har_sense": [0.7814850807189941, 0.7888739109039307, 0.7792179584503174]
}
