{
  "uci_har": [2.878561019897461, 2.8142812252044678, 2.8398239612579346],
  "wisdm_12": [5.797979831695557, 5.678424119949341, 5.727051019668579],
  "pamap2": [12.98656678199768, 13.07859992980957, 12.84603500366211],
  "motion_sense": [5.811663866043091, 5.79394006729126, 5.854135990142822],
  "opportunity": [58.77641320228577, 58.09801483154297, 57.556055784225464],
  "mhealth": [5.209405899047852, 5.249472141265869, 5.230461835861206],
  "dsads": [4.996436834335327, 4.980343818664551, 5.027937889099121],
  "ku_har": [13.980037927627563, 13.970419883728027, 13.941767930984497],
  "daphnet": [16.960118055343628, 16.892608165740967, 17.075021028518677],
  "har_sense": [0.32451581954956055, 0.32840394973754883, 0.3229398727416992]
}
