{
  "uci_har": [3.0975329875946045, 3.009945869445801, 3.0092411041259766],
  "wisdm_12": [6.020052909851074, 5.975733995437622, 5.9691078662872314],
  "pamap2": [13.801510095596313, 13.613197088241577, 13.630936861038208],
  "motion_sense": [6.210379123687744, 6.076120853424072, 6.089332103729248],
  "opportunity": [58.08441662788391, 57.627208948135376, 58.37951898574829],
  "mhealth": [5.609545946121216, 5.4283177852630615, 5.5016491413116455],
  "dsads": [5.422455072402954, 5.287399053573608, 5.294908285140991],
  "ku_har": [15.008478164672852, 14.672457933425903, 14.779749155044556],
  "daphnet": [17.507639169692993, 17.45321011543274, 17.314696073532104],
  "har_sense": [0.352445125579834, 0.3355259895324707, 0.3401472568511963]
}
